Jack Bettencourt,Ascendant 1,Ascendant 2
erika zeng,Platinum 1,Platinum 2
Andy Zhang,Platinum 1,Diamond 1
Sophia Rosal,Gold 2,Gold 2
Joshua Gomez,Diamond 1,Diamond 3
Joseph Cothran,Ascendant 1,Immortal 1
AnQi Mao,Silver 2,Platinum 2
Zhuokai Teng,Unranked,Ascendant 1
Nolan Wyser,Silver 2,Gold 2
Koby Yu,Gold 1,Diamond 1
Gene,Ascendant 1,Ascendant 2
Elizabeth Soriano,Silver 2,Silver 2
Andrew (SUB),Ascendant 1,Ascendant 3
Kevin Cheng,Ascendant 1,Immortal 1
Edgar Ochoa,Diamond 3,Ascendant 2
Paul Na Pattalung,Diamond 2,Ascendant 2
Makena (SUB),Unranked,Platinum 2
Bellamaria,Gold 3,Gold 3
Minh (SUB),Silver 2,Silver 2
Michael (SUB),Gold 3,Gold 3