Team,Player Name,Current Rank,Peak Rank,Player Value,Team Total Value,Team Player Count
Team 1,,,,,34.5,5
,Joseph Cothran,ascendant 1,immortal 1,12.5,,
,Paul Na Pattalung,diamond 2,ascendant 2,10.5,,
,Andy Zhang,platinum 1,diamond 1,6.5,,
,Michael (SUB),gold 3,gold 3,4.0,,
,Elizabeth Soriano,silver 2,silver 2,1.0,,

Team 2,,,,,36.0,5
,Kevin Cheng,ascendant 1,immortal 1,12.5,,
,Zhuokai Teng,unranked,ascendant 1,10.0,,
,Joshua Gomez,diamond 1,diamond 3,9.0,,
,AnQi Mao,silver 2,platinum 2,3.5,,
,Minh (SUB),silver 2,silver 2,1.0,,

Team 3,,,,,35.5,5
,Andrew (SUB),ascendant 1,ascendant 3,12.0,,
,Edgar Ochoa,diamond 3,ascendant 2,11.0,,
,erika zeng,platinum 1,platinum 2,5.5,,
,Bellamaria,gold 3,gold 3,4.0,,
,Sophia Rosal,gold 2,gold 2,3.0,,

Team 4,,,,,35.0,5
,Jack Bettencourt,ascendant 1,ascendant 2,11.5,,
,Gene,ascendant 1,ascendant 2,11.5,,
,Koby Yu,gold 1,diamond 1,5.0,,
,Makena (SUB),unranked,platinum 2,5.0,,
,Nolan Wyser,silver 2,gold 2,2.0,,
